id,name,score,ra,dec,size,mag
1,Abell 0426,4,03h 18m 36s,41° 30' 54'',190,11.6
2,Sh2-202,3,03h 18m 54s,59° 38' 00'',180,
3,NGC 1300,3,03h 19m 41s,-19° 24' 41'',6.0,10.4
4,NGC 1316,3,03h 22m 42s,-37° 12' 30'',9.0,8.5
5,Melotte 020,2,03h 24m 18s,49° 52' 00'',240,1.2
6,HDW 03,2,03h 27m 15s,45° 24' 20'',9.0,
7,LDN 1455,3,03h 27m 40s,30° 12' 06'',60,
8,NGC 1333,5,03h 29m 20s,31° 24' 56'',60,
9,NGC 1350,3,03h 31m 08s,-33° 37' 43'',5.0,10.3
10,NGC 1342,2,03h 31m 38s,37° 22' 36'',16,6.7
11,NGC 1360,4,03h 33m 15s,-25° 52' 19'',9.0,11.0
12,NGC 1365,4,03h 33m 36s,-36° 08' 25'',10,10.3
13,NGC 1343,3,03h 37m 50s,72° 34' 16'',2.6,12.7
14,NGC 1399,1,03h 38m 29s,-35° 27' 01'',8.0,8.8
15,NGC 1398,2,03h 38m 52s,-26° 20' 15'',8.0,9.7
16,NGC 1404,1,03h 38m 52s,-35° 35' 36'',5.0,10.0
17,NGC 1400,1,03h 39m 31s,-18° 41' 17'',4.0,11.0
18,NGC 1407,1,03h 40m 12s,-18° 34' 48'',7.0,9.7
19,IC 0348,3,03h 44m 34s,32° 09' 46'',25,7.3
20,IC 0342,4,03h 46m 49s,68° 05' 46'',20,8.4
21,M 045,5,03h 47m 30s,24° 07' 00'',120,1.6
22,IsWe 1,2,03h 49m 00s,50° 00' 00'',20,
23,Sh2-205,3,03h 52m 14s,53° 25' 00'',180,
24,Sh2-204,3,03h 55m 42s,57° 26' 00'',90,
25,Kemble 1,2,03h 57m 24s,63° 04' 00'',180,
26,NGC 1491,3,04h 03m 14s,51° 18' 57'',30,
27,NGC 1499,4,04h 03m 14s,36° 22' 00'',200,
28,LBN 0777,4,04h 05m 02s,26° 23' 24'',25,
29,NGC 1501,4,04h 06m 59s,60° 55' 14'',1.0,11.5
30,NGC 1502,2,04h 07m 50s,62° 19' 54'',15,6.9
31,NGC 1514,4,04h 09m 17s,30° 46' 33'',3.0,10.9
32,Barnard 208,2,04h 11m 32s,25° 10' 00'',60,
33,NGC 1532,4,04h 11m 59s,-32° 51' 02'',13,9.9
34,NGC 1535,3,04h 14m 16s,-12° 44' 22'',0.80,9.6
35,NGC 1528,3,04h 15m 23s,51° 12' 54'',25,6.4
36,Barnard 007,4,04h 17m 24s,28° 34' 00'',50,
37,Barnard 008,2,04h 17m 47s,55° 16' 00'',140,
38,LDN 1495,4,04h 18m 05s,27° 37' 17'',40,
39,Sh2-207,2,04h 19m 41s,53° 08' 29'',4.0,
40,NGC 1545,2,04h 20m 57s,50° 15' 12'',12,6.2
41,NGC 1555,4,04h 21m 57s,19° 32' 03'',20,
42,NGC 1530,4,04h 23m 27s,75° 17' 42'',6.0,11.5
43,Melotte 025,2,04h 27m 00s,16° 00' 00'',330,0.5
44,NGC 1579,3,04h 30m 14s,35° 16' 47'',10,
45,Barnard 018,2,04h 31m 12s,24° 22' 00'',60,
46,Sh2-239,3,04h 31m 18s,18° 06' 00'',9.0,
47,Barnard 015,2,04h 31m 54s,46° 38' 00'',15,
48,Barnard 019,1,04h 33m 39s,26° 17' 00'',60,
49,Arp 186,2,04h 33m 59s,-08° 34' 00'',2.0,12.9
50,HP Tau,4,04h 35m 54s,22° 54' 14'',3.0,
51,NGC 1622 Trio,3,04h 36m 37s,-03° 11' 21'',4,12.5
52,Barnard 020,1,04h 37m 02s,50° 59' 00'',8,
53,Barnard 022,3,04h 38m 39s,26° 04' 00'',120,
54,Barnard 023,2,04h 40m 32s,29° 54' 00'',5.0,
55,Sh2-212,2,04h 40m 36s,50° 27' 44'',5.0,
56,Sh2-216,3,04h 43m 21s,46° 42' 06'',120,12.9
57,NGC 1647,2,04h 45m 55s,19° 06' 54'',40,6.4
58,NGC 1664,2,04h 51m 06s,43° 40' 30'',18,7.6
59,vdB 031,4,04h 55m 46s,30° 33' 38'',35,
60,G156.2+5.7,2,04h 58m 51s,51° 50' 28'',90,
61,NGC 1721 Grp,2,04h 59m 17s,-11° 07' 08'',15,12.8
62,Sh2-246,2,05h 02m 06s,14° 05' 00'',65,
63,Abell 07,1,05h 03m 08s,-15° 36' 13'',13,16.0
64,NGC 1750,2,05h 03m 55s,23° 39' 31'',30,6.0
65,NGC 1758,2,05h 04m 42s,23° 48' 50'',10,7.5
66,IC 2118,4,05h 04m 54s,-07° 15' 00'',180,
67,NGC 1788,4,05h 06m 53s,-03° 20' 27'',8.0,
68,NGC 1807,2,05h 10m 43s,16° 31' 18'',17,7.0
69,NGC 1819,2,05h 11m 46s,05° 12' 01'',1.3,12.5
70,NGC 1817,2,05h 12m 15s,16° 41' 24'',20,7.7
71,NGC 1851,2,05h 14m 07s,-40° 02' 46'',11,7.1
72,IC 0405,4,05h 16m 29s,34° 21' 24'',60,
73,Sh2-263,4,05h 21m 45s,08° 23' 57'',110,
74,IC 0410,4,05h 22m 44s,33° 25' 00'',30,
75,M 079,3,05h 24m 11s,-24° 31' 29'',9.0,7.7
76,Sh2-223/Sh2 -224,4,05h 26m 36s,42° 55' 00'',200,
77,IC 0418,1,05h 27m 28s,-12° 41' 50'',0.20,9.3
78,IC 0417,4,05h 28m 06s,34° 25' 24'',11,
79,M 038,3,05h 28m 40s,35° 50' 54'',20,6.4
80,NGC 1931,4,05h 31m 25s,34° 14' 42'',4.0,10.1
81,Cederblad 051,3,05h 32m 00s,12° 09' 33'',60,
82,M 001,5,05h 34m 32s,22° 00' 52'',7.0,8.4
83,Collinder 069,2,05h 35m 00s,09° 56' 00'',70,2.8
84,NGC 1981,2,05h 35m 09s,-04° 25' 54'',25,4.2
85,NGC 1977,4,05h 35m 16s,-04° 49' 15'',20,
86,M 042,5,05h 35m 17s,-05° 23' 28'',66,4.0
87,NGC 1980,2,05h 35m 24s,-05° 55' 00'',15,2.5
88,M 043,4,05h 35m 31s,-05° 16' 03'',7.0,9.0
89,Collinder 070,3,05h 36m 00s,-01° 00' 00'',150,0.6
90,M 036,3,05h 36m 18s,34° 08' 24'',10,6.0
91,NGC 1999,4,05h 36m 25s,-06° 42' 57'',2.0,
92,IC 0434,5,05h 40m 59s,-02° 27' 30'',12.0,
93,Sh2-240,5,05h 41m 06s,28° 05' 00'',150,
94,NGC 2024,4,05h 41m 42s,-01° 51' 24'',30,
95,NGC 2022,2,05h 42m 06s,09° 05' 13'',0.50,11.6
96,Sh2-232,3,05h 42m 30s,36° 11' 00'',45,
97,Barnard 035,4,05h 45m 31s,09° 04' 00'',20,
98,M 078,4,05h 46m 45s,00° 04' 48'',8.0,
99,Sh2-276,3,05h 48m 09s,01° 10' 22'',90,
100,Barnard 036,1,05h 49m 46s,07° 26' 00'',120,
101,M 037,3,05h 52m 18s,32° 33' 12'',19,5.6
102,G179.0+02.6,1,05h 53m 42s,31° 05' 00'',90,
103,LDN 1622,4,05h 54m 02s,01° 40' 15'',40,
104,IC 2149,2,05h 56m 24s,46° 06' 17'',0.25,10.6
105,WeDe 1,2,05h 59m 00s,10° 42' 00'',15,17.2
106,NGC 2149,3,06h 03m 31s,-09° 43' 50'',3.0,
107,NGC 2170,4,06h 07m 32s,-06° 23' 57'',40,
108,NGC 2163,2,06h 07m 49s,18° 39' 27'',3.0,11.0
109,NGC 2169,4,06h 08m 24s,13° 57' 54'',6.0,5.9
110,Sh2-261,4,06h 08m 36s,15° 47' 00'',60,
111,M 035,3,06h 09m 00s,24° 21' 00'',38,5.1
112,NGC 2174,4,06h 09m 24s,20° 39' 34'',40,
113,Sh2-254,4,06h 11m 59s,18° 03' 18'',10,
114,NGC 2207 Pair,2,06h 16m 22s,-21° 22' 22'',3.8,10.9
115,IC 0443,5,06h 16m 36s,22° 31' 00'',60,
116,NGC 2146,4,06h 18m 38s,78° 21' 22'',6.0,12.9
117,Sh2-266,3,06h 18m 46s,15° 16' 52'',2.0,
118,Red Rectangle,4,06h 19m 58s,-10° 38' 15'',0.20,
119,NGC 2217,2,06h 21m 40s,-27° 14' 02'',4.5,10.7
120,Sh2-249,3,06h 22m 32s,22° 58' 30'',80,
121,NGC 2237,5,06h 30m 54s,05° 03' 00'',100,
122,IC 0447,3,06h 31m 07s,09° 52' 00'',60,
123,NGC 2244,5,06h 32m 11s,04° 54' 50'',20,4.8
124,NGC 2245,2,06h 32m 41s,10° 09' 24'',6.0,
125,Sh2-280,3,06h 34m 22s,02° 28' 06'',40,
126,Sh2-282,2,06h 38m 08s,01° 25' 12'',35,
127,NGC 2261,4,06h 39m 10s,08° 44' 40'',2.0,9.0
128,NGC 2264,5,06h 40m 58s,09° 53' 42'',40,4.1
129,Sh2-304,2,06h 44m 00s,-23° 54' 12'',180,
130,Sh2-284,3,06h 45m 28s,00° 17' 48'',30,
131,M 041,3,06h 46m 01s,-20° 45' 24'',40,4.5
132,NGC 2281,2,06h 48m 17s,41° 04' 42'',25,5.4
133,G206.9+2.3,3,06h 48m 22s,06° 22' 11'',120,
134,NGC 2298,2,06h 48m 59s,-36° 00' 15'',6.0,9.3
135,NGC 2301,2,06h 51m 45s,00° 27' 36'',15,6.0
136,Sh2-308,5,06h 54m 00s,-23° 56' 00'',45,
137,NGC 2316,2,06h 59m 40s,-07° 46' 39'',4.0,
138,M 050,3,07h 02m 42s,-08° 23' 00'',32,5.9
139,Seagull Nebula,5,07h 05m 49s,-11° 05' 49'',240,
140,NGC 2343,2,07h 08m 06s,-10° 37' 00'',6.0,6.7
141,NGC 2346,3,07h 09m 22s,-00° 48' 22'',2.0,11.6
142,Sh2-301,4,07h 09m 54s,-18° 29' 53'',9.0,
143,UGC 03697,3,07h 11m 22s,71° 50' 10'',2.3,13.0
144,Arp 141,2,07h 14m 26s,73° 28' 00'',3.0,13.2
145,NGC 2353,2,07h 14m 30s,-10° 16' 00'',18,7.1
146,LBN 1036,2,07h 16m 23s,-10° 35' 24'',50,
147,NGC 2360,3,07h 17m 43s,-15° 38' 30'',13,7.2
148,NGC 2359,5,07h 18m 30s,-13° 13' 36'',40,11.5
149,NGC 2362,3,07h 18m 41s,-24° 57' 18'',8.0,3.8
150,UGC 03789,2,07h 19m 31s,59° 21' 18'',1.4,13.0
151,PFP 1,1,07h 22m 00s,-06° 18' 00'',25,
152,Sh2-310,2,07h 23m 44s,-25° 27' 44'',120,
153,NGC 2371,4,07h 25m 34s,29° 29' 17'',2.0,12.8
154,Abell 21,5,07h 29m 03s,13° 14' 48'',8.0,11.0
155,NGC 2392,4,07h 29m 11s,20° 54' 42'',1.0,9.7
156,Sh2-302,4,07h 31m 32s,-16° 59' 10'',20,
157,CG 4,4,07h 34m 09s,-46° 54' 18'',25.0,
158,M 047,2,07h 36m 35s,-14° 29' 00'',30,6.7
159,NGC 2403,2,07h 36m 51s,65° 36' 07'',20,8.5
160,NGC 2419,2,07h 38m 08s,38° 52' 54'',4.0,10.3
161,NGC 2420,2,07h 38m 23s,21° 34' 24'',10,8.3
162,M 046,3,07h 41m 47s,-14° 50' 38'',25,6.1
163,NGC 2440,3,07h 41m 55s,-18° 12' 31'',1.3,9.4
164,BBW 56,2,07h 43m 00s,-42° 20' 00'',120,
165,M 093,3,07h 44m 30s,-23° 51' 24'',24,6.2
166,NGC 2451,2,07h 45m 15s,-37° 58' 00'',45,2.8
167,Arp 143,3,07h 46m 53s,39° 01' 00'',1.5,13.2
168,NGC 2477,3,07h 52m 10s,-38° 31' 48'',30,5.8
169,NGC 2467,4,07h 52m 26s,-26° 26' 12'',50,7.1
170,Jones -Emberson 1,4,07h 57m 54s,53° 25' 00'',6.0,17.0
171,NGC 2506,2,08h 00m 01s,-10° 46' 12'',7.0,7.6
172,NGC 2547,3,08h 10m 09s,-49° 12' 54'',25,4.7
173,NGC 2539,2,08h 10m 37s,-12° 49' 06'',15,6.5
174,NGC 2546,2,08h 12m 15s,-37° 35' 42'',60,6.3
175,M 048,2,08h 13m 43s,-05° 45' 00'',44,5.8
176,Gum 10,2,08h 16m 18s,-35° 37' 58'',35,
177,NGC 2579,2,08h 20m 53s,-36° 13' 00'',2.5,7.5
178,Puppis A,2,08h 24m 07s,-42° 59' 48'',50,
179,Vela Bridge,4,08h 37m 39s,-42° 59' 21'',60,
180,Arp 243,2,08h 38m 23s,25° 45' 00'',0.55,13.4
181,Gum 14,2,08h 39m 10s,-40° 25' 00'',140,
182,Vela SNR,5,08h 40m 02s,-44° 56' 55'',300,
183,IC 2391,2,08h 40m 18s,-52° 55' 00'',70,2.6
184,M 044,3,08h 40m 24s,19° 40' 00'',118,3.7
185,Abell 30,3,08h 46m 54s,17° 52' 33'',2,13.0
186,Gum 17,2,08h 51m 00s,-42° 08' 00'',100,
187,M 067,3,08h 51m 18s,11° 48' 00'',25,6.9
188,NGC 2683,3,08h 52m 42s,33° 25' 14'',9.0,9.8
189,Arp 195,3,08h 53m 50s,35° 08' 00'',0.60,14.5
190,Abell 31,4,08h 54m 13s,08° 53' 59'',15,12.0
191,Vela Spiral Flame,4,08h 54m 21s,-43° 50' 43'',60,
192,Arp 336,4,08h 55m 35s,58° 44' 02'',4.3,12.7
193,Arp 225,2,08h 55m 38s,78° 13' 00'',5.0,10.1
194,II Hz 4,3,08h 58m 33s,37° 05' 11'',0.50,14.5
195,Gum 23,2,08h 59m 42s,-47° 27' 00'',60,
196,NGC 2736,4,09h 00m 16s,-45° 56' 54'',40,
197,NGC 2775,3,09h 10m 20s,07° 02' 16'',5.0,10.5
198,Arp 215,2,09h 14m 05s,40° 06' 00'',3.7,11.6
199,NGC 2818,4,09h 16m 01s,-36° 37' 37'',2.0,11.2
200,NGC 2835,3,09h 17m 53s,-22° 21' 18'',7.0,10.5
201,NGC 2841,4,09h 22m 03s,50° 58' 35'',8.1,9.2
202,Sh2-312,3,09h 23m 24s,-27° 46' 03'',300,
203,UGC 05055,2,09h 30m 12s,55° 51' 09'',1.4,14.0
204,NGC 2903,3,09h 32m 10s,21° 30' 04'',12,9.0
205,Arp 142,4,09h 37m 45s,02° 44' 00'',2.0,13.7
206,Arp 321,4,09h 38m 53s,-04° 51' 00'',4.0,11.4
207,Abell 33,4,09h 39m 09s,-02° 48' 33'',4.0,13.0
208,NGC 2968 Pair,3,09h 43m 12s,31° 55' 42'',4.0,14.2
209,Arp 252,2,09h 44m 58s,-19° 43' 00'',0.40,15.3
210,Arp 245,2,09h 45m 42s,-14° 19' 00'',1.7,12.2
211,NGC 2976,3,09h 47m 16s,67° 54' 59'',5.0,10.2
212,EGB 06,1,09h 53m 00s,13° 45' 00'',12,16.0
213,M 081,4,09h 55m 33s,69° 03' 56'',27,6.9
214,M 082,5,09h 55m 53s,69° 40' 50'',10,8.4
215,NGC 3079,3,10h 01m 58s,55° 40' 51'',8.0,10.9
216,NGC 3077,3,10h 03m 20s,68° 44' 02'',6.0,9.9
217,NGC 3115,4,10h 05m 14s,-07° 43' 08'',9.0,8.9
218,NGC 3132,4,10h 07m 02s,-40° 26' 11'',1.2,9.2
219,NGC 3166,3,10h 13m 45s,03° 25' 30'',5.5,10.4
220,NGC 3169,3,10h 14m 15s,03° 28' 02'',5.5,10.2
221,NGC 3201,3,10h 17m 37s,-46° 24' 45'',18,6.9
222,Arp 316,4,10h 18m 06s,21° 49' 00'',12,9.3
223,NGC 3184,3,10h 18m 17s,41° 25' 27'',7.0,9.8
224,NGC 3198,3,10h 19m 55s,45° 33' 00'',10,10.3
225,NGC 3228,2,10h 21m 22s,-51° 43' 42'',5.0,6.0
226,NGC 3226,2,10h 23m 27s,19° 53' 55'',4.0,13.3
227,NGC 3227,3,10h 23m 31s,19° 51' 54'',4.0,10.3
228,NGC 3242,4,10h 24m 46s,-18° 38' 34'',1.0,7.7
229,IC 2574,2,10h 28m 22s,68° 24' 49'',13,10.8
230,Spider Cirrus,1,10h 32m 13s,73° 14' 25'',200,
231,NGC 3344,3,10h 43m 31s,24° 55' 20'',6.9,9.9
232,M 095,3,10h 43m 58s,11° 42' 13'',7.0,9.7
233,NGC 3359,3,10h 46m 37s,63° 13' 25'',7.0,10.6
234,M 096,4,10h 46m 46s,11° 49' 12'',8.0,10.1
235,M 105,2,10h 47m 50s,12° 34' 55'',5.0,9.8
236,Arp 206,2,10h 52m 31s,36° 37' 10'',6.2,11.3
237,Arp 198,2,10h 59m 45s,17° 38' 00'',1.0,15.0
238,Arp 148,3,11h 03m 52s,40° 50' 00'',0.70,15.4
239,NGC 3521,4,11h 05m 49s,-00° 02' 10'',11,9.0
240,Arp 105,3,11h 11m 12s,28° 42' 00'',5.0,13.8
241,M 108,4,11h 11m 31s,55° 40' 26'',8.0,10.7
242,M 097,5,11h 14m 48s,55° 01' 08'',3.8,9.9
243,NGC 3621,2,11h 18m 16s,-32° 48' 50'',9.0,9.7
244,M 065,3,11h 18m 56s,13° 05' 31'',9.0,9.3
245,M 066,4,11h 19m 56s,13° 18' 12'',10,8.9
246,NGC 3626,2,11h 20m 04s,18° 21' 25'',3.0,11.0
247,NGC 3628,4,11h 20m 17s,13° 35' 19'',17,9.5
248,Arp 155,2,11h 23m 38s,53° 50' 00'',1.7,12.3
249,NGC 3675,3,11h 26m 08s,43° 35' 09'',6.7,10.2
250,Arp 299,2,11h 28m 53s,58° 33' 00'',0.50,15.7
251,Arp 329,3,11h 32m 07s,70° 48' 43'',2.0,13.4
252,Arp 214,3,11h 32m 35s,53° 04' 04'',8.7,10.7
253,Arp 320,4,11h 37m 55s,21° 59' 00'',10,11.4
254,Arp 294,3,11h 39m 42s,31° 54' 00'',2.2,12.5
255,Arp 087,2,11h 40m 44s,22° 25' 00'',1.7,13.5
256,Abell 1367,4,11h 44m 29s,19° 50' 21'',100,13.5
257,NGC 3893,2,11h 48m 38s,48° 42' 39'',4.0,10.5
258,Arp 224,2,11h 51m 06s,55° 04' 00'',2.2,12.4
259,NGC 3953,3,11h 53m 49s,52° 19' 36'',6.0,10.1
260,M 109,4,11h 57m 36s,53° 22' 29'',7.0,10.6
261,NGC 4036,2,12h 01m 27s,61° 53' 44'',3.8,10.7
262,NGC 4038,5,12h 01m 53s,-18° 52' 07'',10.0,10.3
263,NGC 4039,5,12h 01m 54s,-18° 53' 10'',10.0,10.3
264,NGC 4051,2,12h 03m 10s,44° 31' 53'',5.5,12.9
265,NGC 4111,2,12h 07m 03s,43° 03' 57'',4.5,10.7
266,NGC 4147,1,12h 10m 06s,18° 32' 30'',4.0,10.4
267,Hickson 061,4,12h 12m 24s,29° 10' 40'',3.8,9.9
268,M 098,3,12h 13m 48s,14° 54' 01'',9.0,10.1
269,NGC 4214,2,12h 15m 39s,36° 19' 38'',4.0,9.8
270,NGC 4216 Trio,4,12h 15m 54s,13° 08' 59'',8,10.0
271,NGC 4236,2,12h 16m 43s,69° 27' 50'',20,9.6
272,NGC 4244,2,12h 17m 30s,37° 48' 27'',17,10.4
273,M 099,4,12h 18m 50s,14° 25' 01'',5.0,9.9
274,M 106,4,12h 18m 58s,47° 18' 16'',21,8.4
275,NGC 4293,2,12h 21m 13s,18° 22' 58'',5.5,10.4
276,M 061,4,12h 21m 55s,04° 28' 23'',6.0,9.7
277,M 040,1,12h 22m 12s,58° 05' 00'',0.10,
278,NGC 4314,3,12h 22m 32s,29° 53' 44'',3.0,10.6
279,M 100,4,12h 22m 55s,15° 49' 21'',7.0,9.4
280,NGC 4361,3,12h 24m 31s,-18° 47' 06'',1.8,10.9
281,Melotte 111,2,12h 25m 00s,26° 00' 00'',275,1.8
282,M 084,2,12h 25m 04s,12° 53' 12'',6.5,9.1
283,M 085,2,12h 25m 24s,18° 11' 27'',7.7,9.1
284,NGC 4395,2,12h 25m 49s,33° 32' 49'',10,10.2
285,M 086,3,12h 26m 12s,12° 56' 46'',10,8.9
286,NGC 4414,2,12h 26m 27s,31° 13' 22'',5.0,10.1
287,NGC 4435,2,12h 27m 40s,13° 04' 45'',2.2,10.8
288,NGC 4438,4,12h 27m 48s,13° 00' 29'',9.0,10.2
289,NGC 4449,3,12h 28m 11s,44° 05' 38'',5.0,9.6
290,NGC 4450,2,12h 28m 29s,17° 05' 06'',4.3,10.1
291,NGC 4461,2,12h 29m 03s,13° 11' 02'',4.0,11.2
292,M 049,3,12h 29m 47s,08° 00' 01'',10,9.3
293,NGC 4473,1,12h 29m 49s,13° 25' 47'',5.0,10.2
294,NGC 4477,2,12h 30m 02s,13° 38' 11'',3.0,10.4
295,Arp 269,4,12h 30m 36s,41° 38' 32'',7.0,9.8
296,M 087,4,12h 30m 49s,12° 23' 27'',9.0,8.6
297,M 088,4,12h 31m 59s,14° 25' 12'',7.0,9.6
298,IC 3568,1,12h 33m 07s,82° 33' 49'',0.20,10.6
299,NGC 4526,2,12h 34m 03s,07° 41' 58'',6.0,9.3
300,NGC 4535,2,12h 34m 20s,08° 11' 52'',7.0,11.0
301,M 091,4,12h 35m 27s,14° 29' 47'',5.6,10.2
302,M 089,2,12h 35m 40s,12° 33' 23'',7.0,9.8
303,NGC 4559,2,12h 35m 58s,27° 57' 35'',10,10.0
304,NGC 4565,4,12h 36m 21s,25° 59' 16'',15,12.4
305,NGC 4567 Pair,3,12h 36m 33s,11° 15' 28'',3.8,11.3
306,M 090,4,12h 36m 50s,13° 09' 48'',10,9.5
307,M 058,3,12h 37m 44s,11° 49' 06'',5.0,9.7
308,M 068,2,12h 39m 28s,-26° 44' 32'',12,7.9
309,M 104,4,12h 39m 59s,-11° 37' 23'',7.0,8.0
310,NGC 4605,2,12h 40m 00s,61° 36' 30'',5.5,10.3
311,NGC 4631,4,12h 41m 59s,32° 34' 00'',17,9.2
312,M 059,2,12h 42m 02s,11° 38' 48'',5.0,9.6
313,NGC 4636,1,12h 42m 50s,02° 41' 16'',7.0,9.5
314,M 060,3,12h 43m 40s,11° 33' 08'',8.0,8.8
315,Arp 189,3,12h 43m 43s,16° 23' 36'',3.5,10.8
316,NGC 4656,3,12h 43m 58s,32° 10' 17'',11,10.5
317,NGC 4665,2,12h 45m 06s,03° 03' 22'',4.0,10.5
318,Arp 242,4,12h 46m 10s,30° 43' 00'',0.60,13.5
319,NGC 4698,2,12h 48m 23s,08° 29' 15'',7.0,12.3
320,NGC 4697,2,12h 48m 36s,-05° 48' 02'',4.0,9.2
321,NGC 4699,2,12h 49m 02s,-08° 39' 53'',4.0,9.5
322,NGC 4725,4,12h 50m 27s,25° 30' 03'',10,12.5
323,M 094,4,12h 50m 53s,41° 07' 12'',11,8.2
324,NGC 4753,4,12h 52m 22s,-01° 12' 00'',5.0,10.0
325,NGC 4762,3,12h 52m 56s,11° 13' 49'',8.5,10.3
326,Abell 35,4,12h 53m 41s,-22° 51' 42'',32,10.0
327,M 064,4,12h 56m 44s,21° 40' 58'',11,8.5
328,Abell 1656,4,12h 59m 49s,27° 58' 51'',64,13.5
329,NGC 4945,3,13h 05m 27s,-49° 28' 02'',16,8.4
330,NGC 5005,2,13h 10m 56s,37° 03' 30'',5.0,9.8
331,M 053,3,13h 12m 55s,18° 10' 07'',13,7.7
332,NGC 5033,4,13h 13m 28s,36° 35' 38'',11,10.2
333,M 063,4,13h 15m 49s,42° 01' 46'',13,8.6
334,NGC 5068,3,13h 18m 55s,-21° 02' 20'',7.0,10.0
335,NGC 5078,2,13h 19m 50s,-27° 24' 34'',5.0,11.8
336,NGC 5102,2,13h 21m 58s,-36° 37' 51'',8.0,9.6
337,NGC 5128,5,13h 25m 28s,-43° 01' 08'',17,6.9
338,NGC 5139,5,13h 26m 47s,-47° 28' 53'',36,3.9
339,M 051,5,13h 29m 52s,47° 11' 45'',11,8.4
340,NGC 5195,2,13h 29m 59s,47° 16' 00'',5.4,9.6
341,Arp 104,3,13h 32m 10s,62° 46' 03'',2.1,12.3
342,M 083,4,13h 37m 00s,-29° 51' 51'',13,7.5
343,NGC 5248,2,13h 37m 32s,08° 53' 08'',6.0,10.3
344,Arp 240,2,13h 39m 57s,00° 49' 00'',1.7,12.9
345,M 003,4,13h 42m 11s,28° 22' 35'',16,6.3
346,NGC 5297,3,13h 46m 24s,43° 52' 21'',5.0,11.8
347,NGC 5286,2,13h 46m 27s,-51° 22' 30'',9.0,7.4
348,NGC 5371,2,13h 55m 40s,40° 27' 42'',4.0,11.9
349,NGC 5363,2,13h 56m 07s,05° 15' 16'',4.0,10.1
350,NGC 5364,2,13h 56m 12s,05° 00' 55'',6.0,10.5
351,Arp 084,4,13h 58m 38s,37° 25' 30'',3.1,13.0
352,M 101,4,14h 03m 13s,54° 20' 56'',20,7.9
353,Arp 271,3,14h 03m 25s,-06° 01' 00'',3.4,12.1
354,NGC 5466,2,14h 05m 28s,28° 31' 57'',12,9.2
355,Arp 199,2,14h 17m 04s,36° 34' 00'',1.5,13.4
356,Arp 286,3,14h 20m 20s,03° 55' 00'',6,10.6
357,NGC 5634,2,14h 29m 37s,-05° 58' 37'',4.6,10.0
358,NGC 5701,2,14h 39m 11s,05° 21' 51'',4.7,10.9
359,NGC 5694,2,14h 39m 37s,-26° 32' 18'',3.6,10.2
360,NGC 5719,2,14h 40m 56s,-00° 19' 06'',3.3,12.2
361,NGC 5746,3,14h 44m 56s,01° 57' 18'',7.0,10.3
362,Arp 328,2,14h 47m 54s,19° 05' 00'',3.0,11.9
363,NGC 5775 Pair,2,14h 53m 58s,03° 32' 40'',4.0,11.4
364,NGC 5846,2,15h 06m 29s,01° 36' 20'',3.8,10.0
365,M 102,3,15h 06m 30s,55° 45' 47'',4.0,9.9
366,NGC 5907,3,15h 15m 54s,56° 19' 45'',11,11.0
367,Hoag's Object,2,15h 17m 14s,21° 35' 08'',0.75,15.1
368,NGC 5897,2,15h 17m 24s,-21° 00' 37'',13,8.4
369,M 005,4,15h 18m 33s,02° 04' 57'',17,5.9
370,Arp 254,2,15h 21m 32s,-07° 22' 00'',1.5,13.0
371,NGC 5963,2,15h 33m 28s,56° 33' 33'',3.7,13.6
372,Arp 220,2,15h 34m 57s,23° 30' 00'',0.80,13.2
373,NGC 5982 Trio,4,15h 38m 40s,59° 21' 21'',4.5,11.1
374,NGC 5987,3,15h 39m 57s,58° 04' 47'',4.0,11.7
375,Barnard 228,4,15h 44m 56s,-34° 31' 00'',240,
376,NGC 5986,2,15h 46m 04s,-37° 47' 08'',5.0,7.6
377,Sh2-001,2,15h 58m 48s,-26° 07' 01'',90,
378,Hickson 079,4,15h 59m 13s,20° 45' 48'',2.5,11.3
379,Sh2-033,2,15h 59m 54s,-01° 36' 00'',60,
380,Abell 2151,4,16h 05m 15s,17° 44' 55'',60,13.8
381,Sh2-036,1,16h 05m 36s,00° 23' 00'',50,
382,Arp 188,4,16h 06m 04s,55° 25' 32'',0.90,14.4
383,Bernes 149,4,16h 09m 36s,-39° 03' 00'',50,
384,Sh2-073,2,16h 10m 14s,21° 52' 08'',90,
385,IC 4593,1,16h 11m 44s,12° 04' 19'',0.10,10.7
386,Blue Horsehead,4,16h 16m 39s,-19° 16' 47'',300,
387,M 080,3,16h 17m 03s,-22° 58' 32'',9.0,7.3
388,M 004,3,16h 23m 35s,-26° 31' 35'',26,5.4
389,NGC 6124,2,16h 25m 20s,-40° 39' 12'',30,5.8
390,Rho Ophiuchi,5,16h 25m 35s,-23° 26' 50'',300,
391,NGC 6144,2,16h 27m 14s,-26° 01' 26'',9.0,9.0
392,Abell 39,4,16h 27m 33s,27° 54' 34'',3.0,13.0
393,Abell 2199,2,16h 28m 42s,39° 30' 07'',50,13.9
394,M 107,2,16h 32m 32s,-13° 03' 11'',10,7.8
395,LDN 0043,4,16h 34m 27s,-15° 50' 09'',45,
396,NGC 6188,5,16h 40m 05s,-48° 39' 42'',30,
397,M 013,5,16h 41m 41s,36° 27' 35'',32,5.8
398,NGC 6207,2,16h 43m 04s,36° 49' 56'',3.0,11.6
399,NGC 6210,3,16h 44m 30s,23° 47' 59'',0.80,8.8
400,Dark Tower,3,16h 45m 58s,-41° 15' 05'',30,
401,NGC 6229,2,16h 46m 59s,47° 31' 39'',5.0,9.4
402,M 012,3,16h 47m 14s,-01° 56' 52'',15,6.1
403,Arp 330,2,16h 49m 00s,53° 24' 00'',12,14.0
404,Abell 2247,3,16h 50m 55s,81° 34' 01'',20,15.3
405,NGC 6240,2,16h 52m 59s,02° 24' 05'',1.5,12.9
406,NGC 6231,2,16h 54m 10s,-41° 49' 30'',15,2.6
407,NGC 6242,2,16h 55m 33s,-39° 27' 42'',10,6.4
408,IC 4628,4,16h 56m 58s,-40° 27' 24'',35,
409,M 010,3,16h 57m 09s,-04° 05' 56'',15,5.0
410,Arp 293,2,16h 58m 31s,58° 56' 00'',1.3,13.3
411,M 062,3,17h 01m 13s,-30° 06' 45'',14,6.4
412,M 019,3,17h 02m 38s,-26° 16' 04'',10,5.6
413,NGC 6281,2,17h 04m 41s,-37° 59' 06'',12,5.4
414,NGC 6293,2,17h 10m 10s,-26° 34' 56'',8.0,8.3
415,Barnard 059,3,17h 11m 23s,-27° 30' 00'',60,
416,Sh2-003,3,17h 12m 25s,-38° 27' 34'',8.0,
417,NGC 6302,4,17h 13m 44s,-37° 06' 12'',2.5,9.6
418,NGC 6309,2,17h 14m 04s,-12° 54' 38'',0.60,11.5
419,Barnard 252,4,17h 15m 18s,-32° 10' 00'',20,
420,M 092,3,17h 17m 07s,43° 08' 11'',11,6.5
421,NGC 6339,1,17h 17m 07s,40° 50' 42'',3.0,12.7
422,M 009,3,17h 19m 12s,-18° 30' 58'',9.0,8.4
423,Arp 102,2,17h 19m 14s,48° 59' 00'',1.1,16.0
424,NGC 6334,4,17h 20m 49s,-36° 06' 12'',30,
425,NGC 6337,4,17h 22m 16s,-38° 29' 00'',1.0,12.3
426,NGC 6356,3,17h 23m 35s,-17° 48' 52'',8.0,7.4
427,Barnard 072,4,17h 23m 36s,-23° 38' 00'',37,
428,NGC 6357,4,17h 24m 43s,-34° 12' 06'',50,
429,Barnard 075/262,3,17h 25m 17s,-22° 03' 00'',60,
430,NGC 6352,2,17h 25m 29s,-48° 25' 21'',7.0,7.8
431,NGC 6369,3,17h 29m 21s,-23° 45' 34'',1.2,11.4
432,Barnard 268,3,17h 31m 26s,-20° 32' 00'',100,
433,NGC 6384,2,17h 32m 24s,07° 03' 37'',6.0,10.4
434,Barnard 078,4,17h 32m 43s,-25° 36' 00'',180,
435,M 014,3,17h 37m 36s,-03° 14' 43'',13,5.7
436,NGC 6400,2,17h 40m 12s,-36° 56' 54'',12,8.8
437,M 006,2,17h 40m 20s,-32° 15' 12'',20,4.2
438,IC 4665,2,17h 46m 30s,05° 39' 00'',60,4.2
439,NGC 6445,3,17h 49m 15s,-20° 00' 36'',2.5,11.2
440,NGC 6503,2,17h 49m 27s,70° 08' 40'',5.0,10.2
441,NGC 6441,2,17h 50m 13s,-37° 03' 03'',8.0,7.2
442,M 007,4,17h 53m 51s,-34° 47' 36'',100,3.3
443,Scorpius Dark Neb.,2,17h 56m 42s,-30° 30' 00'',80,
444,M 023,3,17h 57m 04s,-18° 59' 06'',35,5.5
445,NGC 6543,5,17h 58m 33s,66° 37' 59'',5.0,8.1
446,M 020,5,18h 02m 42s,-22° 58' 18'',25,
447,NGC 6520,4,18h 03m 24s,-27° 53' 18'',4.0,7.6
448,NGC 6522,2,18h 03m 35s,-30° 02' 06'',8.0,9.9
449,M 008,5,18h 03m 41s,-24° 22' 48'',100,
450,M 021,2,18h 04m 13s,-22° 29' 24'',14,5.9
451,NGC 6528,2,18h 04m 50s,-30° 03' 21'',4.0,9.6
452,Sh2-046,3,18h 06m 06s,-14° 09' 00'',25,
453,Sh2-034,2,18h 06m 24s,-21° 39' 00'',120,
454,NGC 6544,2,18h 07m 20s,-24° 59' 53'',5.0,7.5
455,NGC 6541,2,18h 08m 02s,-43° 42' 57'',12,6.3
456,IC 4685,3,18h 09m 18s,-23° 59' 16'',35,
457,NGC 6563,3,18h 12m 03s,-33° 52' 07'',1.0,11.0
458,NGC 6572,1,18h 12m 06s,06° 51' 13'',0.25,8.1
459,Arp 081,2,18h 13m 00s,68° 21' 00'',1.0,13.6
460,M 024,4,18h 16m 48s,-18° 33' 00'',80,2.5
461,vdB 118,2,18h 16m 52s,-19° 47' 03'',5.0,
462,vdB 119,2,18h 17m 06s,-19° 52' 24'',6.0,
463,Sh2-054,3,18h 17m 52s,-11° 40' 58'',80,
464,M 016,5,18h 18m 48s,-13° 48' 24'',35,
465,M 018,2,18h 19m 58s,-17° 06' 07'',7.0,6.9
466,M 017,5,18h 20m 47s,-16° 10' 18'',60,
467,NGC 6624,2,18h 23m 41s,-30° 21' 40'',9.0,7.6
468,M 028,3,18h 24m 33s,-24° 52' 07'',11,6.9
469,NGC 6632,2,18h 25m 03s,27° 32' 06'',3.0,12.1
470,NGC 6633,2,18h 27m 15s,06° 30' 30'',30,4.6
471,vdB 123,3,18h 30m 25s,01° 13' 20'',5.0,
472,NGC 6667,2,18h 30m 40s,67° 59' 14'',1.6,12.7
473,NGC 6638,2,18h 30m 56s,-25° 29' 56'',7.0,9.2
474,M 069,2,18h 31m 23s,-32° 20' 51'',7.0,8.3
475,M 025,3,18h 31m 42s,-19° 07' 00'',30,4.6
476,LDN 0564,3,18h 36m 19s,-01° 08' 49'',60,
477,M 022,4,18h 36m 24s,-23° 54' 17'',24,5.2
478,NGC 6664,1,18h 36m 33s,-08° 13' 12'',12,7.8
479,LDN 0587,2,18h 37m 18s,00° 32' 08'',60,
480,IC 4756,2,18h 38m 54s,05° 27' 00'',40,4.6
481,M 070,3,18h 43m 12s,-32° 17' 27'',8.0,7.8
482,M 026,2,18h 45m 18s,-09° 23' 00'',7.0,8.9
483,Barnard 104,4,18h 47m 20s,-04° 33' 00'',16,
484,M 011,4,18h 51m 05s,-06° 16' 12'',9.0,5.8
485,NGC 6709,2,18h 51m 18s,10° 19' 06'',13,6.7
486,NGC 6712,3,18h 53m 04s,-08° 42' 19'',10,8.1
487,M 057,5,18h 53m 35s,33° 01' 44'',2.0,8.8
488,IC 1295,3,18h 54m 37s,-08° 49' 36'',2,12.5
489,M 054,3,18h 55m 03s,-30° 28' 47'',9.0,7.7
490,NGC 6717,2,18h 55m 06s,-22° 42' 06'',3.9,8.4
491,NGC 6723,3,18h 59m 33s,-36° 37' 54'',11,6.8
492,NGC 6726,4,19h 01m 38s,-36° 53' 30'',30,
493,NGC 6745,3,19h 01m 42s,40° 45' 31'',2.0,13.9
494,Sh2-071,3,19h 02m 00s,02° 09' 11'',3,
495,NGC 6751,3,19h 05m 56s,-05° 59' 31'',0.70,15.5
496,NGC 6755,1,19h 07m 49s,04° 16' 00'',13,7.5
497,NGC 6756,2,19h 08m 42s,04° 42' 18'',4.0,10.6
498,Sh2-080,3,19h 11m 31s,16° 51' 38'',2.0,
499,NGC 6772,2,19h 14m 36s,-02° 42' 24'',1.5,12.7
500,Dobashi 0042,2,19h 16m 03s,-36° 46' 26'',30,
501,ETHOS 1,3,19h 16m 30s,36° 08' 56'',1,
502,M 056,3,19h 16m 36s,30° 11' 02'',7.0,8.4
503,NGC 6778,2,19h 18m 25s,-01° 35' 48'',0.50,12.3
504,NGC 6781,4,19h 18m 28s,06° 32' 20'',1.9,11.4
505,LDN 0673,3,19h 20m 51s,11° 15' 41'',90,
506,NGC 6791,2,19h 20m 53s,37° 46' 18'',13,9.5
507,Collinder 399,3,19h 25m 24s,20° 11' 00'',60,3.6
508,vdB 126,4,19h 26m 11s,22° 45' 17'',5.0,
509,LDN 0778,2,19h 27m 06s,23° 41' 07'',45,
510,Sh2-082,3,19h 30m 15s,18° 17' 30'',9.0,
511,NGC 6804,2,19h 31m 35s,09° 13' 31'',2.5,13.4
512,Sh2-091,3,19h 35m 36s,29° 36' 00'',150,
513,NGC 6811,2,19h 37m 17s,46° 23' 18'',13,6.8
514,M 055,4,19h 40m 00s,-30° 57' 44'',19,6.5
515,NGC 6819,2,19h 41m 18s,40° 11' 12'',7.0,7.3
516,Barnard 143,3,19h 41m 25s,11° 00' 00'',40,
517,NGC 6823,3,19h 43m 06s,23° 18' 00'',15,7.1
518,NGC 6818,2,19h 43m 58s,-14° 09' 10'',0.40,9.3
519,NGC 6826,4,19h 44m 48s,50° 31' 30'',0.50,9.6
520,NGC 6822,2,19h 44m 57s,-14° 48' 10'',10,8.1
521,M 071,2,19h 53m 46s,18° 46' 42'',7.0,8.4
522,Sh2-063,2,19h 57m 42s,-14° 07' 00'',50,
523,M 027,5,19h 59m 36s,22° 43' 15'',15,7.4
524,Sh2-101,5,19h 59m 55s,35° 16' 36'',28,
525,NGC 6857,2,20h 01m 48s,33° 31' 33'',1.5,
526,NGC 6866,2,20h 03m 55s,44° 09' 30'',15,7.6
527,Cygnus Kite,2,20h 05m 18s,47° 32' 00'',12,
528,M 075,3,20h 06m 05s,-21° 55' 19'',2.4,8.6
529,Barnard 147,3,20h 06m 50s,35° 22' 00'',11,
530,WR 134,4,20h 10m 00s,36° 11' 00'',25,
531,NGC 6885,2,20h 11m 58s,26° 29' 00'',20,8.1
532,NGC 6888,5,20h 12m 06s,38° 21' 17'',18,
533,LBN 0331,2,20h 13m 34s,47° 39' 00'',120,
534,NGC 6891,2,20h 15m 09s,12° 42' 16'',0.30,10.5
535,Soap Bubble,3,20h 15m 26s,38° 02' 48'',4,
536,Simeis 57,3,20h 16m 10s,43° 40' 11'',20,
537,NGC 6894,2,20h 16m 24s,30° 33' 55'',0.70,12.3
538,IC 1318b,2,20h 17m 08s,41° 57' 27'',120,
539,LBN 0325,2,20h 18m 36s,46° 19' 12'',120,
540,NGC 6910,4,20h 23m 12s,40° 46' 42'',8.0,7.4
541,IC 1318,4,20h 23m 14s,40° 15' 24'',120,
542,NGC 6905,2,20h 23m 23s,20° 06' 16'',1.5,14.5
543,M 029,2,20h 23m 57s,38° 30' 30'',13,6.6
544,Sh2-104,3,20h 24m 37s,38° 31' 54'',7,
545,Sh2-106,4,20h 27m 27s,37° 22' 49'',3.0,
546,NGC 6939,2,20h 31m 30s,60° 39' 42'',10,7.8
547,Abell 71,2,20h 32m 23s,47° 21' 04'',3.0,15.0
548,LDN 1089,2,20h 33m 22s,63° 35' 56'',60,
549,Sh2-112,4,20h 33m 49s,45° 38' 00'',15,
550,NGC 6934,2,20h 34m 11s,07° 24' 17'',8.0,8.9
551,NGC 6940,1,20h 34m 26s,28° 17' 00'',31,6.3
552,NGC 6946,4,20h 34m 52s,60° 09' 14'',11,8.8
553,Sh2-115,3,20h 35m 02s,47° 02' 24'',35,
554,LBN 0380,3,20h 36m 30s,48° 02' 40'',150,
555,Northern Coalsack,2,20h 40m 00s,41° 00' 00'',480,
556,LBN 0468,4,20h 42m 29s,67° 51' 00'',120,
557,NGC 6960,5,20h 45m 58s,30° 35' 42'',75,
558,Abell 72,3,20h 50m 02s,13° 33' 28'',3.0,13.0
559,Ear Nebula,2,20h 50m 13s,46° 55' 00'',6,
560,Pickering's Triangle,4,20h 50m 28s,32° 01' 36'',60,
561,Barnard 150,4,20h 50m 41s,60° 18' 00'',60,
562,IC 5070,5,20h 51m 01s,44° 24' 05'',80,
563,Cygnus Loop,5,20h 51m 21s,31° 10' 00'',180,
564,M 072,2,20h 53m 28s,-12° 32' 14'',6.0,9.2
565,NGC 6991,3,20h 54m 56s,47° 19' 18'',10.0,
566,NGC 6992,4,20h 56m 19s,31° 44' 36'',90,
567,LBN 0552,3,20h 57m 40s,78° 36' 36'',120,
568,M 073,1,20h 58m 56s,-12° 38' 07'',3.0,8.9
569,NGC 7000,4,20h 59m 17s,44° 31' 00'',120,
570,NGC 7008,4,21h 00m 33s,54° 32' 35'',1.8,12.0
571,NGC 7006,2,21h 01m 29s,16° 11' 15'',2.8,10.6
572,NGC 7023,5,21h 01m 36s,68° 10' 10'',20,
573,Egg Nebula,4,21h 02m 18s,36° 42' 00'',0.50,
574,NGC 7013,3,21h 03m 33s,29° 53' 49'',4.4,11.3
575,NGC 7009,4,21h 04m 11s,-11° 21' 50'',0.70,12.0
576,NGC 7026,4,21h 06m 19s,47° 51' 08'',0.70,15.0
577,NGC 7027,2,21h 07m 02s,42° 14' 10'',0.25,8.5
578,OU 4,5,21h 11m 47s,59° 57' 01'',60,
579,Sh1-089,3,21h 14m 06s,47° 46' 00'',3.0,
580,NGC 7048,4,21h 14m 15s,46° 17' 18'',1.0,12.1
581,vdB 141,4,21h 16m 27s,68° 15' 52'',8.0,
582,Sh2-119,4,21h 18m 30s,43° 56' 00'',120,
583,Sh2-114,4,21h 21m 12s,38° 42' 00'',60,
584,M 015,3,21h 29m 58s,12° 10' 02'',12,6.3
585,M 039,2,21h 31m 42s,48° 25' 00'',60,4.6
586,M 002,4,21h 33m 27s,-00° 49' 23'',13,6.6
587,Abell 78,3,21h 35m 29s,31° 41' 45'',2.0,13.0
588,Sh2-124,2,21h 38m 17s,50° 19' 48'',20,
589,IC 1396,5,21h 38m 58s,57° 29' 21'',120,
590,G100.4+04.6,3,21h 40m 00s,58° 59' 00'',1,
591,M 030,3,21h 40m 22s,-23° 10' 45'',11,7.1
592,NGC 7129,3,21h 42m 59s,66° 06' 48'',9.0,
593,IC 5146,4,21h 53m 29s,47° 16' 01'',10,
594,NGC 7160,3,21h 53m 40s,62° 36' 12'',7.0,6.1
595,Barnard 169,2,21h 58m 53s,58° 46' 00'',60,
596,IC 5148,4,21h 59m 35s,-39° 23' 09'',2.0,11.0
597,NGC 7184,3,22h 02m 40s,-20° 48' 46'',6.0,10.9
598,NGC 7209,2,22h 05m 07s,46° 29' 00'',40,7.7
599,Arp 325,2,22h 06m 23s,-21° 05' 00'',2.0,14.5
600,LBN 0420,2,22h 08m 00s,41° 44' 21'',150,
601,vdB 152,4,22h 14m 02s,69° 56' 00'',5.0,
602,LBN 0535,4,22h 14m 55s,73° 25' 00'',120,
603,NGC 7243,2,22h 15m 08s,49° 53' 54'',21,6.4
604,NGC 7241,3,22h 15m 50s,19° 13' 52'',3.2,12.6
605,Sh2-134,2,22h 18m 00s,58° 58' 00'',200,
606,Sh2-132,4,22h 19m 09s,56° 04' 45'',60,
607,Arp 226,2,22h 20m 44s,-24° 40' 00'',2.0,11.4
608,Abell 79,3,22h 26m 17s,54° 49' 41'',2.0,15.0
609,Sh2-150,2,22h 29m 16s,64° 51' 08'',60,
610,NGC 7293,5,22h 29m 38s,-20° 50' 13'',12,7.3
611,UGC 12071,2,22h 32m 25s,30° 50' 08'',1.1,15.0
612,LDN 1251,4,22h 36m 03s,75° 15' 35'',90,
613,Arp 319,4,22h 36m 04s,33° 56' 00'',5.0,11.1
614,NGC 7331,4,22h 37m 04s,34° 24' 57'',10,9.5
615,LBN 0437,4,22h 38m 13s,41° 05' 24'',80,
616,NGC 7354,3,22h 40m 20s,61° 17' 07'',0.40,12.2
617,LBN 0438,4,22h 41m 17s,37° 45' 36'',30,
618,NGC 7380,4,22h 47m 21s,58° 07' 54'',30,
619,Sh2-146,3,22h 49m 29s,59° 54' 56'',2.0,
620,Sh2-154,2,22h 52m 00s,61° 13' 00'',40,
621,Sh2-155,4,22h 57m 54s,62° 31' 06'',50,
622,NGC 7436 Grp,2,22h 57m 58s,26° 08' 59'',15,12.6
623,Sh2-152,3,22h 58m 41s,58° 46' 59'',2.0,
624,LDN 1218,3,23h 02m 02s,62° 16' 09'',90,
625,Sh2-160,2,23h 04m 00s,64° 36' 00'',40,
626,UGC 12342,3,23h 04m 54s,16° 40' 42'',1.3,
627,NGC 7479,3,23h 04m 57s,12° 19' 20'',3.0,10.9
628,LBN 0477,2,23h 08m 20s,41° 46' 12'',45,
629,Sh2-122,1,23h 08m 48s,14° 55' 00'',40,
630,NGC 7497,3,23h 09m 04s,18° 10' 36'',5.0,12.2
631,NGC 7510,3,23h 11m 04s,60° 34' 15'',7.0,7.9
632,Sh2-158,4,23h 13m 37s,61° 30' 00'',9.0,
633,NGC 7541 Pair,2,23h 14m 44s,04° 32' 02'',3.0,11.7
634,Sh2-157,4,23h 16m 04s,60° 24' 36'',85,
635,NGC 7582 Trio,3,23h 18m 23s,-42° 22' 14'',5.0,10.6
636,NGC 7606,4,23h 19m 05s,-08° 29' 09'',4.0,10.8
637,Arp 150,3,23h 19m 28s,09° 30' 00'',0.80,11.9
638,Arp 212,2,23h 20m 30s,17° 13' 00'',1.1,12.1
639,NGC 7635,5,23h 20m 45s,61° 12' 42'',15,
640,LBN 0575,2,23h 21m 54s,74° 06' 36'',40,
641,KjPn 8,4,23h 24m 00s,60° 57' 00'',11,
642,M 052,2,23h 24m 48s,61° 35' 36'',16,6.9
643,NGC 7662,3,23h 25m 54s,42° 32' 06'',0.50,8.3
644,Jones 1,3,23h 35m 53s,30° 28' 06'',5,15.6
645,Arp 222,3,23h 39m 54s,-12° 17' 00'',3.5,10.6
646,LBN 0534,2,23h 40m 00s,48° 48' 00'',90,
647,Tiny Dipper,2,23h 40m 42s,07° 57' 00'',15,
648,Arp 295,3,23h 42m 04s,-03° 35' 00'',2.0,14.5
649,Cederblad 211,3,23h 43m 46s,-15° 16' 43'',2,
650,NGC 7741,2,23h 43m 54s,26° 04' 32'',4.5,11.3
651,Sh2-174,4,23h 47m 08s,80° 49' 22'',17,
652,NGC 7789,4,23h 57m 24s,56° 42' 30'',25,6.7
653,NGC 7793,2,23h 57m 50s,-32° 35' 28'',10,9.1
654,NGC 7788/7790,2,23h 58m 24s,61° 12' 30'',17,8.5
655,Abell 85,5,23h 59m 54s,62° 26' 51'',35,
656,LBN 0564,2,00h 01m 32s,48° 36' 36'',120,
657,Sh2-170,2,00h 01m 34s,64° 36' 42'',20,
658,UGC 12915,2,00h 01m 42s,23° 29' 45'',1.5,
659,WLM,2,00h 01m 57s,-15° 27' 01'',13,
660,NGC 7814,4,00h 03m 15s,16° 08' 43'',7.0,10.6
661,NGC 7822,4,00h 03m 36s,67° 09' 00'',190,
662,CTA 1,3,00h 06m 36s,72° 47' 00'',90,
663,Arp 146,2,00h 06m 44s,-06° 38' 00'',0.35,16.0
664,vdB 001,2,00h 10m 46s,58° 46' 31'',5.0,
665,NGC 0040,4,00h 13m 01s,72° 31' 19'',0.60,11.5
666,NGC 0055,3,00h 15m 08s,-39° 13' 12'',32,7.9
667,Sh2-173,4,00h 21m 16s,61° 43' 30'',25,
668,NGC 0128,3,00h 28m 50s,02° 50' 20'',3.0,11.8
669,NGC 0134,2,00h 30m 22s,-33° 14' 44'',9.0,10.4
670,NGC 0147,2,00h 33m 12s,48° 30' 27'',14,9.5
671,NGC 0151,2,00h 34m 03s,-09° 42' 20'',2.5,11.6
672,PGC 0002248,4,00h 37m 41s,-33° 42' 59'',1.1,
673,NGC 0185,1,00h 38m 58s,48° 20' 14'',12,9.2
674,NGC 0189,1,00h 39m 35s,61° 05' 06'',5.0,8.8
675,M 110,2,00h 40m 22s,41° 41' 07'',18,8.1
676,NGC 0210,4,00h 40m 35s,-13° 52' 24'',5.0,10.9
677,M 032,2,00h 42m 42s,40° 51' 54'',9.0,8.1
678,M 031,5,00h 42m 44s,41° 16' 08'',200,3.4
679,Arp 231,2,00h 43m 33s,-04° 07' 00'',1.7,13.7
680,NGC 0225,3,00h 43m 39s,61° 46' 30'',12,7.0
681,LBN 0603,3,00h 46m 07s,52° 34' 14'',120,
682,NGC 0246,4,00h 47m 03s,-11° 52' 19'',4.5,10.9
683,NGC 0247,2,00h 47m 08s,-20° 45' 35'',20,9.1
684,NGC 0188,2,00h 47m 28s,85° 15' 18'',14,8.1
685,NGC 0253,4,00h 47m 33s,-25° 17' 18'',25,7.2
686,NGC 0288,3,00h 52m 45s,-26° 35' 01'',13,8.1
687,NGC 0281,4,00h 52m 54s,56° 37' 29'',35,
688,NGC 0300,2,00h 54m 53s,-37° 41' 03'',22,8.1
689,IC 0063,4,00h 59m 29s,60° 54' 42'',9.0,
690,IC 1613,2,01h 04m 47s,02° 07' 07'',13,9.9
691,NGC 0404,1,01h 09m 27s,35° 43' 05'',7.0,10.3
692,NGC 0457,4,01h 19m 35s,58° 17' 12'',13,6.4
693,NGC 0474,3,01h 20m 00s,03° 24' 00'',5,11.5
694,NGC 0488,3,01h 21m 47s,05° 15' 23'',5.0,10.3
695,LBN 0644,2,01h 22m 58s,17° 11' 35'',60,
696,Arp 157,4,01h 24m 35s,03° 47' 00'',4.0,11.4
697,Hickson 010,3,01h 26m 25s,34° 42' 10'',11,10.1
698,NGC 0559,3,01h 29m 31s,63° 18' 24'',4.0,9.5
699,Sh2-188,4,01h 30m 33s,58° 24' 51'',9.0,
700,NGC 0584,2,01h 31m 21s,-06° 52' 05'',5.0,10.5
701,M 103,3,01h 33m 23s,60° 39' 00'',6.0,7.4
702,M 033,4,01h 33m 51s,30° 39' 37'',70,5.7
703,NGC 0613,3,01h 34m 18s,-29° 25' 08'',5.5,10.1
704,M 074,3,01h 36m 42s,15° 47' 01'',10,9.4
705,M 076,4,01h 42m 18s,51° 34' 15'',3.0,10.1
706,NGC 0660,4,01h 43m 02s,13° 38' 39'',10,11.2
707,NGC 0654,3,01h 44m 00s,61° 53' 06'',8.0,6.5
708,NGC 0659,2,01h 44m 24s,60° 40' 24'',6.0,7.9
709,NGC 0663,2,01h 46m 09s,61° 14' 06'',16,7.1
710,NGC 0672,2,01h 47m 54s,27° 25' 59'',6.0,10.9
711,Collinder 463,2,01h 48m 24s,71° 57' 00'',60,5.7
712,LBN 0640,3,01h 49m 16s,53° 45' 00'',35,
713,NGC 0678,2,01h 49m 25s,21° 59' 50'',4.5,12.2
714,Collinder 021,3,01h 50m 00s,27° 00' 00'',15,8.2
715,Arp 166,2,01h 57m 32s,33° 12' 00'',1.9,11.9
716,NGC 0752,1,01h 57m 41s,37° 47' 06'',60,5.7
717,NGC 0772,4,01h 59m 20s,19° 00' 29'',7.0,10.3
718,NGC 0812,3,02h 06m 52s,44° 34' 16'',2.3,11.3
719,Stock 2,1,02h 14m 41s,59° 29' 00'',130,
720,G132.6+01.5,2,02h 17m 40s,62° 45' 00'',90,
721,NGC 0869 & 0884,5,02h 19m 00s,57° 07' 42'',20,5.3
722,Arp 273,4,02h 21m 32s,39° 21' 00'',2.0,13.0
723,NGC 0891,4,02h 22m 33s,42° 20' 54'',12,9.9
724,NGC 0908,2,02h 23m 05s,-21° 14' 02'',6.0,10.2
725,Arp 145,3,02h 23m 11s,41° 22' 00'',1.2,13.8
726,NGC 0918,3,02h 25m 51s,18° 29' 45'',3.0,12.2
727,LDN 1333,2,02h 26m 04s,75° 28' 32'',20,
728,IC 1795,4,02h 26m 32s,62° 02' 39'',40,
729,NGC 0936,2,02h 27m 37s,-01° 09' 20'',6.0,10.2
730,Polaris IFN,2,02h 29m 59s,88° 10' 22'',180,
731,IC 1805,5,02h 32m 47s,61° 28' 30'',90,
732,Melotte 015,4,02h 32m 50s,61° 27' 42'',15,6.5
733,Fornax Dwarf,1,02h 39m 00s,-34° 34' 00'',25,7.4
734,CO 225.3 -66.3,2,02h 39m 16s,-30° 31' 54'',180,
735,Arp 135,2,02h 40m 24s,39° 04' 00'',7.0,9.4
736,NGC 1055,3,02h 41m 45s,00° 26' 33'',7.0,10.6
737,M 034,3,02h 42m 05s,42° 45' 42'',48,5.2
738,M 077,3,02h 42m 41s,-00° 00' 48'',10,8.9
739,NGC 1084,2,02h 46m 00s,-07° 34' 38'',3.0,10.7
740,NGC 1097,4,02h 46m 19s,-30° 16' 29'',9.3,9.5
741,IC 1848,4,02h 51m 18s,60° 24' 30'',90,
742,LBN 0762,3,02h 59m 07s,17° 22' 37'',100,
743,HFG 1,2,03h 01m 00s,64° 58' 00'',8.0,14.6
744,NGC 1232,3,03h 09m 45s,-20° 34' 46'',9.0,9.9
745,Sh2-200,4,03h 11m 01s,62° 47' 45'',6.0,
746,Arp 147,4,03h 11m 18s,01° 18' 00'',0.50,14.6
747,FR-23,2,03h 14m 10s,48° 11' 12'',30,
748,Arp 279,2,03h 14m 23s,-02° 48' 00'',5.8,11.7
749,NGC 1245,2,03h 14m 42s,47° 14' 12'',10,8.4
750,NGC 1291,3,03h 17m 18s,-41° 06' 29'',10,9.4
